PassengerId,FirstName,LastName,Citizenship
P1,Bob,Davis,UK
P2,Charlie,Miller,India
P3,John,Miller,India
P4,Fiona,Garcia,Australia
P5,Bob,Garcia,Germany
P6,Bob,Williams,China
P7,Diana,Williams,Canada
P8,Alice,Williams,China
P9,Alice,Davis,Canada
P10,Bob,Miller,India
P11,Diana,Smith,UK
P12,Jane,Davis,Canada
P13,Jane,Garcia,Australia
P14,Bob,Williams,China
P15,Alice,Brown,Germany
P16,Fiona,Brown,France
P17,Diana,Smith,UK
P18,John,Johnson,USA
P19,Alice,Miller,India
P20,John,Smith,India
P21,Fiona,Williams,USA
P22,John,Jones,Germany
P23,Bob,Johnson,UK
P24,Edward,Smith,USA
P25,John,Smith,France
P26,Edward,Miller,UK
P27,John,Smith,France
P28,Alice,Johnson,UK
P29,Bob,Smith,UK
P30,Bob,Jones,China
P31,John,Smith,Germany
P32,Fiona,Johnson,UK
P33,Fiona,Davis,Canada
P34,Charlie,Garcia,Canada
P35,John,Miller,UK
P36,Diana,Williams,USA
P37,Jane,Davis,India
P38,Fiona,Davis,USA
P39,John,Smith,UK
P40,Charlie,Garcia,Germany
P41,Alice,Davis,Germany
P42,Bob,Miller,India
P43,Fiona,Johnson,China
P44,Fiona,Miller,China
P45,Alice,Williams,China
P46,Charlie,Miller,India
P47,Fiona,Johnson,UK
P48,Fiona,Williams,Canada
P49,Diana,Garcia,France
P50,Bob,Johnson,France
P51,Fiona,Garcia,Canada
P52,Charlie,Garcia,India
P53,John,Miller,Germany
P54,Charlie,Davis,Canada
P55,John,Jones,China
P56,Jane,Brown,UK
P57,Diana,Jones,UK
P58,Jane,Williams,Australia
P59,Charlie,Garcia,Australia
P60,Jane,Garcia,Australia
P61,Diana,Brown,Canada
P62,Edward,Miller,France
P63,Edward,Miller,India
P64,Charlie,Miller,Germany
P65,Alice,Garcia,Canada
P66,Alice,Jones,France
P67,Diana,Smith,France
P68,Diana,Johnson,Canada
P69,Bob,Smith,Canada
P70,Edward,Williams,Australia
P71,Edward,Williams,Australia
P72,Alice,Miller,Germany
P73,Charlie,Brown,UK
P74,Jane,Garcia,UK
P75,Charlie,Garcia,France
P76,Jane,Smith,India
P77,Alice,Miller,Germany
P78,Fiona,Williams,China
P79,Jane,Williams,USA
P80,Charlie,Williams,USA
P81,Alice,Miller,India
P82,Diana,Brown,Australia
P83,Jane,Smith,Germany
P84,Alice,Davis,India
P85,Charlie,Garcia,UK
P86,Bob,Garcia,India
P87,Bob,Garcia,UK
P88,Diana,Brown,India
P89,Diana,Davis,France
P90,Charlie,Garcia,France
P91,Edward,Johnson,Germany
P92,Edward,Davis,Australia
P93,Fiona,Smith,Australia
P94,Fiona,Davis,China
P95,Edward,Williams,Canada
P96,Diana,Williams,China
P97,John,Williams,Germany
P98,Charlie,Williams,UK
P99,Fiona,Jones,China
P100,Edward,Garcia,India
P101,Bob,Garcia,Australia
P102,Diana,Davis,Germany
P103,Fiona,Williams,China
P104,Alice,Brown,Germany
P105,Fiona,Williams,Germany
P106,John,Miller,USA
P107,Alice,Johnson,USA
P108,Diana,Smith,Germany
P109,Fiona,Jones,UK
P110,Edward,Davis,India
P111,Fiona,Miller,France
P112,Charlie,Garcia,Germany
P113,Jane,Davis,India
P114,Jane,Miller,UK
P115,Bob,Smith,USA
P116,John,Miller,USA
P117,Alice,Miller,France
P118,Fiona,Jones,Australia
P119,Jane,Brown,France
P120,Bob,Jones,China
P121,Fiona,Williams,China
P122,Diana,Jones,Canada
P123,Charlie,Garcia,Australia
P124,Bob,Miller,UK
P125,Diana,Davis,UK
P126,Charlie,Davis,France
P127,Charlie,Garcia,France
P128,Jane,Williams,Canada
P129,Charlie,Miller,India
P130,Alice,Jones,France
P131,Jane,Johnson,Australia
P132,Charlie,Williams,Canada
P133,Bob,Brown,Australia
P134,Bob,Jones,Australia
P135,Alice,Williams,USA
P136,Jane,Garcia,Australia
P137,John,Smith,UK
P138,Charlie,Garcia,Canada
P139,Fiona,Smith,Canada
P140,Diana,Brown,UK
P141,John,Smith,China
P142,Bob,Miller,France
P143,Edward,Jones,France
P144,Fiona,Smith,Canada
P145,Diana,Garcia,Germany
P146,Jane,Williams,Australia
P147,Jane,Johnson,India
P148,John,Johnson,India
P149,John,Garcia,Canada
P150,John,Jones,India
P151,Alice,Miller,UK
P152,Edward,Johnson,Australia
P153,Jane,Jones,Germany
P154,Diana,Garcia,USA
P155,John,Jones,UK
P156,Bob,Miller,UK
P157,Jane,Johnson,Germany
P158,Alice,Miller,USA
P159,Edward,Garcia,UK
P160,Edward,Brown,France
P161,Edward,Davis,USA
P162,Charlie,Jones,Germany
P163,John,Jones,Canada
P164,Edward,Davis,Germany
P165,Charlie,Williams,France
P166,Bob,Williams,Germany
P167,Jane,Garcia,India
P168,John,Brown,Canada
P169,John,Davis,Canada
P170,John,Jones,Australia
P171,Jane,Davis,Canada
P172,Edward,Davis,Canada
P173,Fiona,Johnson,UK
P174,Charlie,Williams,France
P175,Alice,Garcia,Germany
P176,Fiona,Garcia,China
P177,Diana,Miller,France
P178,Bob,Williams,Germany
P179,Diana,Garcia,Canada
P180,Jane,Davis,India
P181,Jane,Smith,China
P182,Fiona,Garcia,France
P183,Bob,Davis,UK
P184,John,Johnson,UK
P185,Bob,Brown,France
P186,Alice,Brown,USA
P187,Charlie,Johnson,Germany
P188,Bob,Smith,China
P189,Edward,Garcia,India
P190,Diana,Miller,USA
P191,Diana,Jones,France
P192,John,Johnson,France
P193,Alice,Williams,Canada
P194,Diana,Smith,India
P195,Fiona,Garcia,India
P196,John,Brown,Germany
P197,Diana,Johnson,Germany
P198,Bob,Smith,India
P199,John,Williams,Australia
P200,John,Williams,China
P201,Diana,Brown,USA
P202,John,Brown,China
P203,Diana,Garcia,Canada
P204,John,Davis,Australia
P205,Edward,Brown,Australia
P206,Alice,Williams,India
P207,Alice,Miller,India
P208,Fiona,Miller,Canada
P209,Charlie,Johnson,Germany
P210,John,Davis,China
P211,Alice,Brown,Germany
P212,John,Jones,USA
P213,Alice,Jones,UK
P214,John,Jones,USA
P215,Charlie,Garcia,USA
P216,Alice,Miller,India
P217,John,Jones,Germany
P218,John,Williams,Australia
P219,Edward,Williams,Australia
P220,Jane,Johnson,Australia
P221,Edward,Johnson,France
P222,John,Miller,Germany
P223,Diana,Brown,France
P224,Jane,Smith,India
P225,Bob,Smith,Canada
P226,Jane,Brown,China
P227,Charlie,Williams,UK
P228,Fiona,Williams,USA
P229,Edward,Miller,UK
P230,Alice,Jones,Germany
P231,Fiona,Brown,China
P232,John,Williams,Germany
P233,Jane,Jones,China
P234,Diana,Jones,India
P235,Diana,Johnson,India
P236,Diana,Jones,Australia
P237,Edward,Garcia,USA
P238,Diana,Brown,India
P239,John,Jones,China
P240,Edward,Brown,India
P241,Fiona,Davis,USA
P242,Alice,Jones,Australia
P243,John,Williams,Australia
P244,Diana,Jones,China
P245,Fiona,Williams,UK
P246,John,Brown,Canada
P247,Charlie,Johnson,UK
P248,Bob,Johnson,UK
P249,Bob,Brown,UK
P250,Jane,Smith,USA
P251,Bob,Davis,France
P252,Bob,Jones,Canada
P253,Charlie,Williams,Canada
P254,Diana,Jones,India
P255,John,Brown,Germany
P256,Charlie,Miller,UK
P257,Jane,Johnson,China
P258,Charlie,Garcia,Canada
P259,Bob,Miller,Australia
P260,Edward,Smith,UK
P261,Fiona,Smith,Canada
P262,Jane,Davis,Canada
P263,Charlie,Johnson,UK
P264,Bob,Miller,France
P265,Charlie,Brown,France
P266,Edward,Garcia,China
P267,Charlie,Jones,France
P268,Fiona,Miller,UK
P269,Fiona,Williams,Canada
P270,Alice,Johnson,France
P271,John,Johnson,UK
P272,Bob,Garcia,Canada
P273,Charlie,Brown,Australia
P274,Jane,Williams,China
P275,Jane,Garcia,Germany
P276,Fiona,Williams,China
P277,Alice,Davis,France
P278,John,Smith,Australia
P279,Charlie,Smith,India
P280,John,Williams,Australia
P281,Charlie,Brown,UK
P282,Diana,Brown,Australia
P283,Bob,Garcia,Germany
P284,Edward,Williams,India
P285,Edward,Miller,UK
P286,Bob,Garcia,China
P287,Edward,Brown,UK
P288,Alice,Garcia,USA
P289,Fiona,Miller,Germany
P290,Charlie,Garcia,India
P291,Bob,Jones,France
P292,Charlie,Davis,France
P293,Jane,Brown,Australia
P294,Charlie,Brown,Australia
P295,Alice,Garcia,France
P296,Charlie,Davis,UK
P297,Bob,Garcia,Australia
P298,Fiona,Williams,UK
P299,Charlie,Davis,USA
P300,Edward,Miller,Canada
P301,Fiona,Brown,UK
P302,Diana,Jones,Australia
P303,Edward,Davis,USA
P304,Charlie,Garcia,USA
P305,John,Jones,Canada
P306,Charlie,Davis,France
P307,John,Williams,France
P308,Bob,Brown,France
P309,Edward,Davis,Australia
P310,Diana,Brown,UK
P311,Edward,Davis,Canada
P312,Diana,Brown,India
P313,Bob,Smith,Canada
P314,Jane,Davis,USA
P315,Jane,Brown,UK
P316,Alice,Smith,India
P317,Alice,Jones,India
P318,Charlie,Smith,India
P319,John,Williams,Australia
P320,John,Brown,China
P321,Diana,Davis,Germany
P322,Diana,Williams,USA
P323,Bob,Smith,Germany
P324,Jane,Williams,UK
P325,Rachel,Victoria,Australia
P326,Victoria,Brown,Singapore
P327,Alice,Smith,China
P328,Bob,Miller,France
P329,Charlie,Garcia,Germany
P330,Fiona,Jones,France
P331,Jane,Miller,USA
P332,Edward,Miller,China
P333,Jane,Smith,France
P334,Diana,Smith,India
P335,Diana,Brown,China
P336,Diana,Davis,UK
P337,John,Johnson,Canada
P338,Charlie,Johnson,France
P339,Charlie,Jones,UK
P340,Jane,Brown,Canada
P341,Bob,Brown,China
P342,Charlie,Brown,Canada
P343,Fiona,Johnson,Germany
P344,Charlie,Brown,Germany
P345,Edward,Jones,Germany
P346,Jane,Garcia,Australia
P347,Diana,Davis,China
P348,Fiona,Johnson,Canada
P349,Diana,Garcia,China
P350,Diana,Smith,China
P351,Bob,Smith,USA
P352,Edward,Brown,Australia
P353,John,Brown,France
P354,John,Brown,Australia
P355,Diana,Johnson,Australia
P356,Bob,Garcia,China
P357,Bob,Davis,France
P358,Diana,Johnson,UK
P359,Diana,Brown,Australia
P360,Diana,Smith,USA
P361,Diana,Davis,UK
P362,Jane,Miller,India
P363,Bob,Williams,France
P364,Diana,Garcia,India
P365,Alice,Miller,Canada
P366,Fiona,Smith,Germany
P367,Bob,Miller,USA
P368,Jane,Davis,India
P369,Diana,Brown,Australia
P370,Edward,Jones,France
P371,Diana,Miller,UK
P372,Fiona,Williams,Australia
P373,Charlie,Jones,Canada
P374,Bob,Davis,USA
P375,Alice,Johnson,USA
P376,Fiona,Smith,Germany
P377,Bob,Johnson,India
P378,Fiona,Jones,Canada
P379,Alice,Smith,China
P380,John,Smith,France
P381,John,Jones,India
P382,Diana,Miller,USA
P383,Edward,Smith,UK
P384,Jane,Johnson,USA
P385,John,Smith,India
P386,Jane,Smith,India
P387,Fiona,Garcia,France
P388,John,Jones,USA
P389,Edward,Smith,USA
P390,John,Johnson,Germany
P391,John,Smith,UK
P392,Charlie,Smith,China
P393,Jane,Brown,Germany
P394,Bob,Brown,Canada
P395,John,Brown,Germany
P396,Edward,Miller,Germany
P397,Edward,Miller,India
P398,Fiona,Miller,UK
P399,John,Johnson,Australia
P400,Fiona,Williams,Australia
P401,Edward,Johnson,Canada
P402,Diana,Johnson,Australia
P403,John,Williams,UK
P404,Jane,Smith,China
P405,Charlie,Brown,India
P406,Jane,Davis,India
P407,Alice,Miller,USA
P408,Alice,Brown,India
P409,Bob,Jones,France
P410,John,Jones,Australia
P411,Fiona,Miller,Germany
P412,John,Smith,USA
P413,Alice,Miller,Australia
P414,Charlie,Williams,Germany
P415,Fiona,Jones,Germany
P416,Edward,Brown,Germany
P417,Bob,Johnson,China
P418,Jane,Jones,India
P419,John,Garcia,USA
P420,Diana,Jones,USA
P421,John,Garcia,China
P422,Fiona,Jones,China
P423,Charlie,Johnson,UK
P424,Alice,Garcia,Australia
P425,Alice,Jones,India
P426,Diana,Miller,Canada
P427,Bob,Miller,India
P428,Charlie,Smith,UK
P429,John,Garcia,Australia
P430,Alice,Brown,France
P431,Bob,Jones,Australia
P432,Diana,Davis,France
P433,Alice,Jones,Germany
P434,Edward,Johnson,India
P435,Fiona,Jones,Canada
P436,Alice,Johnson,USA
P437,Bob,Miller,UK
P438,Diana,Williams,USA
P439,Diana,Jones,Australia
P440,Alice,Johnson,UK
P441,Jane,Garcia,Germany
P442,Bob,Garcia,India
P443,Charlie,Miller,Germany
P444,Charlie,Jones,India
P445,Fiona,Brown,India
P446,Alice,Johnson,India
P447,Jane,Miller,Germany
P448,Fiona,Miller,India
P449,John,Garcia,UK
P450,Charlie,Davis,Canada
P451,Charlie,Jones,China
P452,Alice,Garcia,Australia
P453,Diana,Garcia,Australia
P454,Bob,Williams,France
P455,Jane,Smith,India
P456,Charlie,Jones,Germany
P457,Charlie,Garcia,Germany
P458,John,Williams,Canada
P459,John,Johnson,Australia
P460,Diana,Davis,China
P461,Jane,Williams,USA
P462,Edward,Williams,Canada
P463,Bob,Smith,Australia
P464,John,Garcia,UK
P465,John,Johnson,China
P466,Fiona,Jones,USA
P467,John,Davis,Australia
P468,Edward,Brown,UK
P469,Diana,Williams,UK
P470,Jane,Smith,France
P471,Fiona,Brown,Germany
P472,John,Garcia,China
P473,Fiona,Jones,Australia
P474,John,Jones,Australia
P475,Charlie,Miller,Australia
P476,John,Jones,Germany
P477,Diana,Miller,Canada
P478,Fiona,Johnson,China
P479,John,Davis,Australia
P480,John,Johnson,UK
P481,Jane,Davis,China
P482,Fiona,Williams,Germany
P483,Bob,Smith,USA
P484,Diana,Jones,Canada
P485,Jane,Brown,Australia
P486,Fiona,Smith,China
P487,Edward,Brown,India
P488,Charlie,Brown,France
P489,Fiona,Garcia,India
P490,Edward,Davis,UK
P491,Edward,Brown,India
P492,Jane,Smith,France
P493,Diana,Miller,Australia
P494,Fiona,Williams,India
P495,Fiona,Davis,Australia
P496,Charlie,Miller,France
P497,Fiona,Johnson,China
P498,Charlie,Garcia,UK
P499,Bob,Johnson,UK
P500,Diana,Brown,Australia
P501,Bob,Garcia,USA
P502,Bob,Davis,India
P503,Charlie,Jones,Canada
P504,Fiona,Garcia,Australia
P505,Edward,Brown,Germany
P506,Fiona,Smith,UK
P507,Diana,Johnson,UK
P508,Edward,Williams,Germany
P509,Bob,Davis,USA
P510,Alice,Miller,UK
P511,Charlie,Miller,Australia
P512,Edward,Garcia,China
P513,Jane,Johnson,India
P514,Jane,Garcia,China
P515,Jane,Brown,Germany
P516,Bob,Brown,USA
P517,Diana,Miller,India
P518,Fiona,Brown,India
P519,Edward,Miller,UK
P520,Alice,Miller,Australia
P521,Charlie,Miller,Canada
P522,Charlie,Davis,USA
P523,Diana,Garcia,USA
P524,Edward,Smith,France
P525,Edward,Jones,Germany
P526,Alice,Miller,France
P527,Fiona,Brown,India
P528,Edward,Davis,France
P529,Bob,Miller,India
P530,Charlie,Jones,Germany
P531,Bob,Smith,Germany
P532,Diana,Johnson,USA
P533,Alice,Brown,USA
P534,Alice,Williams,USA
P535,Fiona,Smith,Germany
P536,Fiona,Garcia,UK
P537,Bob,Smith,Germany
P538,John,Davis,Canada
P539,Bob,Davis,Canada
P540,Bob,Williams,Canada
P541,Edward,Jones,UK
P542,Fiona,Brown,Germany
P543,Fiona,Garcia,USA
P544,Bob,Johnson,Canada
P545,Jane,Smith,China
P546,Fiona,Smith,India
P547,Diana,Miller,France
P548,Bob,Williams,Germany
P549,Jane,Williams,USA
P550,Jane,Davis,Australia
P551,Diana,Williams,Australia
P552,Fiona,Williams,Germany
P553,Edward,Brown,China
P554,Bob,Miller,India
P555,Charlie,Garcia,China
P556,Charlie,Miller,Australia
P557,Fiona,Brown,UK
P558,Fiona,Smith,China
P559,Charlie,Brown,France
P560,Bob,Davis,France
P561,Jane,Johnson,India
P562,Jane,Miller,UK
P563,John,Brown,China
P564,Charlie,Davis,UK
P565,Edward,Davis,India
P566,Fiona,Williams,Canada
P567,Jane,Brown,Germany
P568,Charlie,Johnson,Canada
P569,John,Williams,India
P570,Fiona,Smith,Canada
P571,Charlie,Johnson,Canada
P572,Bob,Brown,UK
P573,Diana,Miller,China
P574,Jane,Johnson,Canada
P575,John,Williams,Canada
P576,Edward,Johnson,Canada
P577,Diana,Davis,Canada
P578,Alice,Davis,Germany
P579,John,Jones,Germany
P580,Fiona,Brown,India
P581,Edward,Smith,Canada
P582,Diana,Davis,France
P583,Diana,Jones,India
P584,Jane,Johnson,Australia
P585,Diana,Johnson,Australia
P586,Edward,Miller,Canada
P587,John,Jones,USA
P588,John,Williams,Germany
P589,Fiona,Williams,USA
P590,Bob,Davis,UK
P591,Charlie,Johnson,Canada
P592,Fiona,Johnson,Canada
P593,John,Jones,UK
P594,Fiona,Davis,Germany
P595,Jane,Jones,Canada
P596,Alice,Brown,Canada
P597,John,Smith,India
P598,Jane,Smith,Canada
P599,Fiona,Brown,China
P600,Jane,Johnson,Australia
P601,Alice,Miller,Australia
P602,John,Brown,UK
P603,John,Smith,Canada
P604,Edward,Jones,China
P605,Edward,Davis,China
P606,Charlie,Jones,Germany
P607,Alice,Davis,USA
P608,Edward,Johnson,Canada
P609,Alice,Williams,France
P610,Charlie,Jones,USA
P611,John,Smith,India
P612,John,Johnson,USA
P613,Alice,Garcia,USA
P614,Bob,Smith,Germany
P615,Charlie,Smith,UK
P616,Fiona,Jones,UK
P617,Edward,Garcia,Germany
P618,Diana,Garcia,Australia
P619,Bob,Jones,China
P620,Diana,Davis,USA
P621,John,Johnson,Germany
P622,Edward,Williams,India
P623,Charlie,Williams,USA
P624,Jane,Johnson,China
P625,John,Williams,China
P626,Jane,Brown,Canada
P627,Bob,Jones,China
P628,Charlie,Williams,UK
P629,Fiona,Williams,France
P630,Edward,Williams,USA
P631,Fiona,Davis,India
P632,Alice,Williams,China
P633,John,Williams,USA
P634,Jane,Brown,China
P635,Diana,Smith,Germany
P636,Alice,Johnson,USA
P637,Fiona,Garcia,France
P638,Bob,Garcia,France
P639,Fiona,Miller,USA
P640,Charlie,Davis,Canada
P641,Fiona,Miller,USA
P642,Fiona,Jones,UK
P643,Diana,Miller,France
P644,Alice,Brown,France
P645,Bob,Williams,Germany
P646,Charlie,Garcia,Germany
P647,Alice,Miller,India
P648,Alice,Miller,USA
P649,Diana,Johnson,Canada
P650,Bob,Jones,Canada
P651,Charlie,Williams,Canada
P652,Alice,Davis,India
P653,Charlie,Davis,USA
P654,John,Brown,USA
P655,Edward,Williams,Germany
P656,Fiona,Miller,UK
P657,Edward,Jones,USA
P658,Charlie,Garcia,Australia
P659,Alice,Jones,India
P660,Charlie,Williams,China
P661,Bob,Brown,Australia
P662,Jane,Jones,China
P663,Alice,Williams,France
P664,Jane,Brown,Australia
P665,John,Johnson,Germany
P666,John,Jones,China
P667,Charlie,Johnson,India
P668,John,Williams,China
P669,Bob,Williams,USA
P670,Charlie,Garcia,Canada
P671,Jane,Garcia,Australia
P672,Diana,Miller,Germany
P673,Alice,Miller,China
P674,Charlie,Williams,Germany
P675,Fiona,Williams,Canada
P676,Jane,Garcia,China
P677,Edward,Miller,Australia
P678,Alice,Brown,Germany
P679,Bob,Brown,China
P680,Diana,Johnson,France
P681,Edward,Brown,France
P682,Fiona,Brown,India
P683,Jane,Johnson,UK
P684,Charlie,Jones,UK
P685,Diana,Miller,USA
P686,John,Miller,UK
P687,Edward,Jones,India
P688,Jane,Davis,China
P689,Edward,Williams,Germany
P690,Alice,Brown,France
P691,Diana,Smith,Germany
P692,Jane,Smith,India
P693,Fiona,Smith,India
P694,Fiona,Jones,Germany
P695,Bob,Williams,Germany
P696,Edward,Jones,France
P697,Fiona,Johnson,India
P698,Fiona,Miller,USA
P699,Fiona,Johnson,India
P700,John,Smith,France
P701,Charlie,Smith,Australia
P702,Edward,Johnson,Australia
P703,Jane,Jones,Australia
P704,John,Williams,USA
P705,Diana,Johnson,India
P706,Bob,Brown,France
P707,Charlie,Brown,Canada
P708,Charlie,Miller,China
P709,Charlie,Smith,France
P710,Bob,Brown,France
P711,John,Johnson,France
P712,Edward,Williams,India
P713,Diana,Williams,France
P714,Bob,Williams,USA
P715,Bob,Miller,Canada
P716,John,Smith,Canada
P717,Charlie,Johnson,UK
P718,Diana,Brown,France
P719,Alice,Jones,USA
P720,Jane,Smith,Australia
P721,Bob,Smith,Germany
P722,John,Brown,France
P723,Charlie,Davis,Germany
P724,Jane,Smith,Germany
P725,Charlie,Garcia,France
P726,Edward,Brown,Canada
P727,Jane,Williams,Germany
P728,Bob,Miller,Germany
P729,John,Jones,UK
P730,Fiona,Johnson,France
P731,Fiona,Williams,UK
P732,Bob,Miller,China
P733,Charlie,Brown,Germany
P734,Bob,Garcia,India
P735,Fiona,Davis,China
P736,Alice,Williams,Germany
P737,Charlie,Jones,UK
P738,Bob,Smith,India
P739,Bob,Davis,Canada
P740,Alice,Johnson,Canada
P741,Diana,Smith,Canada
P742,Diana,Davis,India
P743,Jane,Johnson,USA
P744,Jane,Miller,Australia
P745,John,Garcia,USA
P746,Jane,Johnson,Germany
P747,Charlie,Smith,Australia
P748,Jane,Johnson,USA
P749,John,Davis,Australia
P750,Bob,Smith,Germany
P751,Bob,Brown,USA
P752,John,Johnson,UK
P753,Edward,Garcia,China
P754,Charlie,Johnson,USA
P755,Diana,Smith,UK
P756,Bob,Miller,Germany
P757,Fiona,Brown,USA
P758,Edward,Brown,China
P759,Charlie,Miller,India
P760,Jane,Davis,UK
P761,Diana,Davis,India
P762,Alice,Brown,Germany
P763,Fiona,Smith,France
P764,Charlie,Garcia,India
P765,Bob,Brown,UK
P766,Jane,Davis,India
P767,Diana,Davis,USA
P768,Diana,Miller,India
P769,Bob,Miller,Canada
P770,John,Miller,Germany
P771,Charlie,Brown,France
P772,Alice,Brown,Germany
P773,Edward,Williams,China
P774,Bob,Williams,Canada
P775,John,Smith,Canada
P776,Jane,Jones,Canada
P777,Diana,Smith,Australia
P778,Jane,Miller,Australia
P779,Bob,Johnson,Canada
P780,John,Davis,Canada
P781,Alice,Brown,Germany
P782,Diana,Johnson,UK
P783,Edward,Williams,Germany
P784,Edward,Brown,UK
P785,Edward,Johnson,China
P786,Fiona,Davis,India
P787,John,Smith,India
P788,Jane,Garcia,Germany
P789,Edward,Brown,UK
P790,Bob,Smith,India
P791,Bob,Jones,India
P792,John,Johnson,India
P793,Fiona,Miller,USA
P794,John,Miller,UK
P795,Bob,Jones,USA
P796,Alice,Garcia,UK
P797,Alice,Brown,UK
P798,Fiona,Brown,India
P799,Edward,Johnson,Australia
P800,Alice,Garcia,Australia
P801,Jane,Jones,UK
P802,Jane,Williams,USA
P803,Fiona,Smith,France
P804,Edward,Johnson,Australia
P805,John,Smith,China
P806,Jane,Garcia,France
P807,Diana,Brown,USA
P808,Alice,Smith,Germany
P809,Alice,Williams,India
P810,Charlie,Smith,Germany
P811,Fiona,Miller,USA
P812,Charlie,Garcia,India
P813,Bob,Miller,France
P814,Fiona,Davis,Canada
P815,Charlie,Smith,Germany
P816,Alice,Jones,Canada
P817,Charlie,Jones,China
P818,Edward,Williams,China
P819,Bob,Jones,Australia
P820,Edward,Johnson,China
P821,Jane,Brown,Australia
P822,Fiona,Smith,France
P823,Edward,Jones,China
P824,Fiona,Jones,France
P825,Edward,Williams,Canada
P826,John,Davis,France
P827,Charlie,Johnson,Canada
P828,Alice,Miller,USA
P829,Bob,Miller,France
P830,Diana,Jones,China
P831,Charlie,Miller,Germany
P832,Charlie,Johnson,UK
P833,Charlie,Miller,USA
P834,Diana,Johnson,Australia
P835,Edward,Smith,Australia
P836,Charlie,Jones,USA
P837,Alice,Miller,Canada
P838,Edward,Jones,Australia
P839,Edward,Brown,Australia
P840,Edward,Brown,USA
P841,Jane,Brown,France
P842,John,Smith,UK
P843,Charlie,Jones,USA
P844,Alice,Williams,France
P845,Charlie,Williams,India
P846,Jane,Davis,France
P847,John,Smith,Germany
P848,Alice,Smith,France
P849,Bob,Davis,Australia
P850,Alice,Garcia,Australia
P851,Charlie,Williams,France
P852,John,Johnson,Canada
P853,Diana,Garcia,Canada
P854,John,Smith,France
P855,John,Davis,China
P856,Charlie,Davis,USA
P857,Edward,Williams,USA
P858,Charlie,Williams,China
P859,Charlie,Jones,Australia
P860,Fiona,Johnson,UK
P861,Fiona,Brown,India
P862,Fiona,Williams,UK
P863,Fiona,Davis,France
P864,Edward,Williams,India
P865,John,Brown,China
P866,John,Smith,Canada
P867,Fiona,Davis,USA
P868,John,Johnson,France
P869,Bob,Jones,Australia
P870,Edward,Davis,India
P871,Jane,Brown,UK
P872,Alice,Davis,Germany
P873,John,Smith,Germany
P874,Diana,Garcia,India
P875,Diana,Jones,Canada
P876,Charlie,Smith,Australia
P877,Charlie,Jones,Australia
P878,Edward,Miller,France
P879,Charlie,Johnson,France
P880,Edward,Williams,UK
P881,Fiona,Smith,USA
P882,Bob,Jones,China
P883,Jane,Johnson,Canada
P884,Fiona,Garcia,China
P885,Edward,Brown,India
P886,Diana,Brown,China
P887,Fiona,Miller,France
P888,Alice,Jones,India
P889,Alice,Williams,UK
P890,John,Jones,Germany
P891,Edward,Smith,UK
P892,Charlie,Smith,China
P893,John,Johnson,Canada
P894,Bob,Smith,Germany
P895,Edward,Brown,Germany
P896,Jane,Jones,USA
P897,Bob,Jones,UK
P898,Fiona,Smith,Canada
P899,Bob,Garcia,India
P900,Diana,Williams,USA
P901,Diana,Davis,USA
P902,Alice,Brown,USA
P903,John,Jones,France
P904,Diana,Johnson,Canada
P905,Jane,Smith,Australia
P906,Diana,Garcia,Australia
P907,Jane,Brown,India
P908,Charlie,Davis,China
P909,Bob,Davis,India
P910,Alice,Jones,India
P911,Edward,Brown,UK
P912,John,Williams,Germany
P913,Charlie,Williams,Canada
P914,Diana,Davis,Germany
P915,Fiona,Brown,China
P916,Diana,Smith,USA
P917,Diana,Jones,UK
P918,Jane,Garcia,China
P919,Alice,Davis,Canada
P920,Jane,Miller,Canada
P921,Diana,Smith,France
P922,Alice,Miller,Germany
P923,Edward,Smith,Australia
P924,Charlie,Johnson,Canada
P925,Edward,Miller,China
P926,Diana,Smith,India
P927,Edward,Jones,France
P928,Alice,Garcia,UK
P929,Fiona,Brown,France
P930,Charlie,Jones,Canada
P931,John,Williams,India
P932,Edward,Davis,Australia
P933,Diana,Williams,France
P934,Diana,Jones,Australia
P935,Diana,Johnson,UK
P936,Alice,Jones,Canada
P937,Jane,Garcia,USA
P938,Edward,Jones,Canada
P939,Jane,Miller,France
P940,Alice,Garcia,France
P941,Diana,Brown,USA
P942,Fiona,Garcia,China
P943,Bob,Jones,UK
P944,Diana,Miller,USA
P945,John,Brown,France
P946,Fiona,Williams,Germany
P947,Bob,Smith,China
P948,Bob,Miller,UK
P949,Charlie,Jones,France
P950,Jane,Davis,USA
P951,Jane,Smith,China
P952,Diana,Brown,Canada
P953,Charlie,Miller,UK
P954,Alice,Williams,Australia
P955,Jane,Davis,Australia
P956,Edward,Jones,India
P957,Charlie,Miller,France
P958,Jane,Brown,France
P959,Alice,Davis,France
P960,Charlie,Williams,Canada
P961,Edward,Garcia,USA
P962,Alice,Johnson,USA
P963,Edward,Davis,India
P964,John,Brown,Australia
P965,Bob,Miller,Australia
P966,Charlie,Williams,USA
P967,John,Davis,China
P968,John,Johnson,UK
P969,Diana,Williams,France
P970,Alice,Smith,Germany
P971,John,Williams,France
P972,Jane,Garcia,France
P973,Diana,Miller,USA
P974,Charlie,Williams,Canada
P975,John,Johnson,Canada
P976,Diana,Williams,Australia
P977,Alice,Brown,USA
P978,John,Williams,India
P979,John,Brown,China
P980,John,Miller,France
P981,Charlie,Davis,Australia
P982,John,Jones,Canada
P983,Bob,Williams,USA
P984,John,Johnson,China
P985,Diana,Garcia,Australia
P986,Edward,Davis,UK
P987,Alice,Brown,Germany
P988,Fiona,Miller,India
P989,Bob,Davis,UK
P990,Diana,Brown,UK
P991,Edward,Jones,Canada
P992,Charlie,Smith,Canada
P993,Diana,Garcia,France
P994,John,Williams,UK
P995,Alice,Garcia,France
P996,Edward,Williams,India
P997,Bob,Davis,Canada
P998,Fiona,Smith,USA
P999,Edward,Miller,Australia
P1000,John,Davis,UK